IP,Date,Time,Accepted cookies,Device type,Browser language,Browser name,OS Name
61.246.6.198,2024-01-18,13:51:07 UTC,["necessary"],desktop,en,Chrome,Windows,India,DL,National Capital Territory of Delhi,New Delhi,110043,28.652,77.1663
27.255.172.14,2024-01-20,09:27:31 UTC,["necessary"],desktop,en,Chrome,Windows,India,PB,Punjab,Mohali,160103,30.674,76.7249
61.246.6.198,2024-01-20,12:17:39 UTC,["necessary"],desktop,en,Chrome,Windows,India,DL,National Capital Territory of Delhi,New Delhi,110043,28.652,77.1663
61.246.6.198,2024-01-25,05:32:56 UTC,["necessary"],desktop,en,Chrome,Windows,India,DL,National Capital Territory of Delhi,New Delhi,110043,28.652,77.1663
61.246.6.198,2024-01-25,11:37:05 UTC,["necessary"],desktop,en,Chrome,Windows,India,DL,National Capital Territory of Delhi,New Delhi,110043,28.652,77.1663
103.67.232.23,2024-01-26,11:03:16 UTC,["necessary"],desktop,en,Chrome,Windows,India,HR,Haryana,Kaithal,136027,29.8015,76.4
103.67.232.23,2024-01-26,11:49:58 UTC,["necessary"],desktop,en,Chrome,Windows,India,HR,Haryana,Kaithal,136027,29.8015,76.4
103.67.232.23,2024-01-26,14:25:01 UTC,["necessary"],desktop,en,Chrome,Windows,India,HR,Haryana,Kaithal,136027,29.8015,76.4
103.153.105.13,2024-01-30,12:51:56 UTC,["necessary"],desktop,en,Chrome,Windows,India,KL,Kerala,Kannur,670003,11.8653,75.352
61.246.6.198,2024-01-31,12:12:58 UTC,["necessary"],desktop,en,Chrome,Windows,India,DL,National Capital Territory of Delhi,New Delhi,110043,28.652,77.1663
103.153.105.13,2024-01-31,14:05:55 UTC,["necessary"],desktop,en,Chrome,Windows,India,KL,Kerala,Kannur,670003,11.8653,75.352
61.246.6.198,2024-02-13,01:29:30 UTC,["necessary"],desktop,en,Chrome,Windows,India,DL,National Capital Territory of Delhi,New Delhi,110043,28.652,77.1663
61.246.6.198,2024-02-13,05:11:51 UTC,["necessary"],desktop,en,Chrome,Windows,India,DL,National Capital Territory of Delhi,New Delhi,110043,28.652,77.1663
61.246.6.198,2024-02-13,07:02:48 UTC,["necessary"],desktop,en,Chrome,Windows,India,DL,National Capital Territory of Delhi,New Delhi,110043,28.652,77.1663
61.246.6.198,2024-02-14,07:37:05 UTC,["necessary"],desktop,en,Chrome,Windows,India,DL,National Capital Territory of Delhi,New Delhi,110043,28.652,77.1663
74.77.22.18,2024-02-22,09:33:23 UTC,["necessary"],desktop,en,Edge,OS X,United States,NY,New York,Lake George,12845,43.4157,-73.7023
74.77.22.18,2024-02-22,09:38:00 UTC,["necessary"],desktop,en,Edge,OS X,United States,NY,New York,Lake George,12845,43.4157,-73.7023
103.169.215.157,2024-02-22,09:51:44 UTC,["necessary"],desktop,en,Chrome,Windows,India,KL,Kerala,KƒÅsaragod,671541,12.4942,74.9829
61.246.6.198,2024-03-22,08:53:56 UTC,["necessary"],desktop,en,Chrome,Windows,India,DL,National Capital Territory of Delhi,New Delhi,110043,28.652,77.1663
103.67.233.7,2024-03-23,07:14:16 UTC,["necessary"],desktop,en,Chrome,Windows,India,HR,Haryana,Kaithal,136027,29.8015,76.4
61.246.6.198,2024-03-28,08:21:33 UTC,["necessary"],desktop,en,Chrome,Windows,India,DL,National Capital Territory of Delhi,New Delhi,110043,28.652,77.1663
106.221.83.28,2024-03-28,08:34:50 UTC,["necessary"],mobile,en,Chrome,Android,India,PB,Punjab,Ludhiana,141008,31.0048,75.9463
103.175.137.167,2024-03-29,13:59:59 UTC,["necessary"],mobile,en,Chrome,iOS,India,KL,Kerala,Kannur,670001,11.8653,75.352
61.246.6.198,2024-04-01,03:17:22 UTC,["necessary"],desktop,en,Chrome,Windows,India,DL,National Capital Territory of Delhi,New Delhi,110043,28.652,77.1663
74.77.23.150,2024-04-01,09:22:07 UTC,["necessary"],desktop,en,Safari,OS X,United States,NY,New York,Warrensburg,12885,43.4959,-73.795
49.37.162.166,2024-04-02,03:17:04 UTC,["necessary"],desktop,en,Chrome,Windows,India,KA,Karnataka,Bengaluru,560076,12.9634,77.5855
49.37.162.166,2024-04-02,03:29:39 UTC,["necessary"],desktop,en,Chrome,Windows,India,KA,Karnataka,Bengaluru,560076,12.9634,77.5855
49.37.162.166,2024-04-02,03:59:33 UTC,["necessary"],desktop,en,Chrome,Windows,India,KA,Karnataka,Bengaluru,560076,12.9634,77.5855
49.37.162.166,2024-04-02,04:04:55 UTC,["necessary"],desktop,en,Edge,Windows,India,KA,Karnataka,Bengaluru,560076,12.9634,77.5855
49.37.162.166,2024-04-02,04:09:09 UTC,["necessary"],desktop,en,Chrome,Windows,India,KA,Karnataka,Bengaluru,560076,12.9634,77.5855
223.239.35.189,2024-04-02,04:35:52 UTC,["necessary"],mobile,en,Chrome,iOS,India,KL,Kerala,Malappuram,679324,11.0808,76.0702
117.219.133.175,2024-04-02,05:40:20 UTC,["necessary"],desktop,en,Chrome,Windows,India,KL,Kerala,Kannur,670003,11.8653,75.352
117.219.133.175,2024-04-02,05:41:37 UTC,["necessary"],desktop,en,Chrome,Windows,India,KL,Kerala,Kannur,670003,11.8653,75.352
117.219.133.175,2024-04-02,06:01:13 UTC,["necessary"],desktop,en,Edge,Windows,India,KL,Kerala,Kannur,670003,11.8653,75.352
117.219.133.175,2024-04-02,06:09:12 UTC,["necessary"],desktop,en,Chrome,Windows,India,KL,Kerala,Kannur,670003,11.8653,75.352
61.246.6.198,2024-04-02,06:51:22 UTC,["necessary"],desktop,en,Chrome,Windows,India,DL,National Capital Territory of Delhi,New Delhi,110043,28.652,77.1663
61.246.6.198,2024-04-02,07:13:55 UTC,["necessary"],desktop,en,Chrome,Windows,India,DL,National Capital Territory of Delhi,New Delhi,110043,28.652,77.1663
104.28.55.61,2024-04-02,08:13:42 UTC,["necessary"],mobile,en,Safari,iOS,United States,NY,New York,Albany,12227,42.6517,-73.7559
74.77.23.150,2024-04-02,08:48:48 UTC,["necessary"],desktop,en,Safari,OS X,United States,NY,New York,Warrensburg,12885,43.4959,-73.795
3.15.5.122,2024-04-02,11:19:20 UTC,["necessary"],desktop,en,Chrome,Windows,United States,OH,Ohio,Dublin,43017,40.0992,-83.1141
38.137.51.156,2024-04-02,11:44:43 UTC,["necessary"],desktop,en,Chrome,Windows,India,CH,Chandigarh,Chandigarh,160036,30.7339,76.7889
104.28.57.61,2024-04-03,13:39:14 UTC,["necessary"],desktop,en,Safari,OS X,United States,NY,New York,Buffalo,14221,42.9705,-78.7498
61.246.6.198,2024-04-04,00:16:24 UTC,["necessary"],desktop,en,Chrome,Windows,India,DL,National Capital Territory of Delhi,New Delhi,110043,28.652,77.1663
38.137.52.245,2024-04-05,11:27:16 UTC,["necessary"],desktop,en,Chrome,Windows,India,CH,Chandigarh,Chandigarh,160047,30.7339,76.7889
61.246.6.198,2024-04-10,00:08:49 UTC,["necessary"],desktop,en,Chrome,Windows,India,DL,National Capital Territory of Delhi,New Delhi,110043,28.652,77.1663
61.246.6.198,2024-04-12,05:05:49 UTC,["necessary"],desktop,en,Chrome,Windows,India,DL,National Capital Territory of Delhi,New Delhi,110043,28.652,77.1663
61.246.6.198,2024-04-12,05:15:40 UTC,["necessary"],desktop,en,Chrome,Windows,India,DL,National Capital Territory of Delhi,New Delhi,110043,28.652,77.1663
